-- phpMyAdmin SQL Dump
-- version 5.2.1
-- https://www.phpmyadmin.net/
--
-- Хост: 127.0.0.1
-- Время создания: Ноя 29 2024 г., 21:13
-- Версия сервера: 10.4.32-MariaDB
-- Версия PHP: 8.2.12

SET SQL_MODE = "NO_AUTO_VALUE_ON_ZERO";
START TRANSACTION;
SET time_zone = "+00:00";


/*!40101 SET @OLD_CHARACTER_SET_CLIENT=@@CHARACTER_SET_CLIENT */;
/*!40101 SET @OLD_CHARACTER_SET_RESULTS=@@CHARACTER_SET_RESULTS */;
/*!40101 SET @OLD_COLLATION_CONNECTION=@@COLLATION_CONNECTION */;
/*!40101 SET NAMES utf8mb4 */;

--
-- База данных: `telegram_bot`
--

-- --------------------------------------------------------

--
-- Структура таблицы `cache`
--

CREATE TABLE `cache` (
  `key` varchar(255) NOT NULL,
  `value` mediumtext NOT NULL,
  `expiration` int(11) NOT NULL
) ENGINE=InnoDB DEFAULT CHARSET=utf8mb4 COLLATE=utf8mb4_unicode_ci;

-- --------------------------------------------------------

--
-- Структура таблицы `cache_locks`
--

CREATE TABLE `cache_locks` (
  `key` varchar(255) NOT NULL,
  `owner` varchar(255) NOT NULL,
  `expiration` int(11) NOT NULL
) ENGINE=InnoDB DEFAULT CHARSET=utf8mb4 COLLATE=utf8mb4_unicode_ci;

-- --------------------------------------------------------

--
-- Структура таблицы `cards`
--

CREATE TABLE `cards` (
  `id` bigint(20) UNSIGNED NOT NULL,
  `post_id` int(11) NOT NULL,
  `card_name` varchar(255) NOT NULL,
  `card_type` varchar(255) NOT NULL,
  `start_date` varchar(255) NOT NULL,
  `end_date` varchar(255) NOT NULL,
  `time` varchar(255) NOT NULL,
  `monday` varchar(255) NOT NULL,
  `tuesday` varchar(255) NOT NULL,
  `wednesday` varchar(255) NOT NULL,
  `thursday` varchar(255) NOT NULL,
  `friday` varchar(255) NOT NULL,
  `saturday` varchar(255) NOT NULL,
  `sunday` varchar(255) NOT NULL,
  `count_group` int(11) NOT NULL,
  `status` tinyint(1) NOT NULL,
  `created_at` timestamp NULL DEFAULT NULL,
  `updated_at` timestamp NULL DEFAULT NULL
) ENGINE=InnoDB DEFAULT CHARSET=utf8mb4 COLLATE=utf8mb4_unicode_ci;

--
-- Дамп данных таблицы `cards`
--

INSERT INTO `cards` (`id`, `post_id`, `card_name`, `card_type`, `start_date`, `end_date`, `time`, `monday`, `tuesday`, `wednesday`, `thursday`, `friday`, `saturday`, `sunday`, `count_group`, `status`, `created_at`, `updated_at`) VALUES
(1, 1, 'Birinchi targibot text matni', 'one_data', '2024-11-30', '', '08:00', 'off', 'off', 'off', 'off', 'off', 'off', 'off', 3, 1, '2024-11-29 18:57:37', '2024-11-29 18:59:13'),
(2, 2, 'Ikkinchi targibot', 'all_data', '2024-12-10', '2024-12-25', '15:00', 'off', 'off', 'off', 'off', 'off', 'off', 'off', 3, 1, '2024-11-29 19:01:01', '2024-11-29 19:18:25'),
(3, 3, '3 bot topshiriqlari Hafta kunlari', 'week_data', '2024-12-01', '2024-12-31', '19:00', 'on', 'off', 'off', 'on', 'off', 'off', 'off', 2, 1, '2024-11-29 19:19:53', '2024-11-29 19:37:41'),
(4, 2, '4-targibot', 'one_data', '2024-12-31', '', '00:00', 'off', 'off', 'off', 'off', 'off', 'off', 'off', 3, 1, '2024-11-29 19:43:06', '2024-11-29 19:43:18'),
(5, 2, '4-targ\'ibot', 'all_data', '2024-12-15', '2024-02-01', '15:30', 'off', 'off', 'off', 'off', 'off', 'off', 'off', 3, 1, '2024-11-29 19:43:53', '2024-11-29 19:44:11'),
(6, 3, '3 bot topshiriqlari Hafta kunlari', 'all_data', '2025-01-15', '2024-01-30', '18:00', 'off', 'off', 'off', 'off', 'off', 'off', 'off', 3, 1, '2024-11-29 19:45:01', '2024-11-29 19:45:16'),
(7, 1, '3 bot topshiriqlari Hafta kunlari', 'all_data', '2025-02-01', '2025-03-15', '15:00', 'off', 'off', 'off', 'off', 'off', 'off', 'off', 3, 1, '2024-11-29 19:46:20', '2024-11-29 19:46:32'),
(8, 2, 'Birinchi targibot text matni', 'week_data', '2025-01-01', '2025-01-15', '14:00', 'on', 'on', 'on', 'on', 'on', 'on', 'off', 3, 1, '2024-11-29 19:47:00', '2024-11-29 19:47:19');

-- --------------------------------------------------------

--
-- Структура таблицы `card_items`
--

CREATE TABLE `card_items` (
  `id` bigint(20) UNSIGNED NOT NULL,
  `card_id` int(11) NOT NULL,
  `group_id` int(11) NOT NULL,
  `created_at` timestamp NULL DEFAULT NULL,
  `updated_at` timestamp NULL DEFAULT NULL
) ENGINE=InnoDB DEFAULT CHARSET=utf8mb4 COLLATE=utf8mb4_unicode_ci;

--
-- Дамп данных таблицы `card_items`
--

INSERT INTO `card_items` (`id`, `card_id`, `group_id`, `created_at`, `updated_at`) VALUES
(4, 1, 1, '2024-11-29 18:59:07', '2024-11-29 18:59:07'),
(5, 1, 2, '2024-11-29 18:59:07', '2024-11-29 18:59:07'),
(6, 1, 3, '2024-11-29 18:59:07', '2024-11-29 18:59:07'),
(7, 2, 4, '2024-11-29 19:01:24', '2024-11-29 19:01:24'),
(8, 2, 5, '2024-11-29 19:01:24', '2024-11-29 19:01:24'),
(9, 2, 6, '2024-11-29 19:01:24', '2024-11-29 19:01:24'),
(10, 3, 1, '2024-11-29 19:20:26', '2024-11-29 19:20:26'),
(11, 3, 2, '2024-11-29 19:20:26', '2024-11-29 19:20:26'),
(12, 4, 4, '2024-11-29 19:43:15', '2024-11-29 19:43:15'),
(13, 4, 5, '2024-11-29 19:43:15', '2024-11-29 19:43:15'),
(14, 4, 6, '2024-11-29 19:43:15', '2024-11-29 19:43:15'),
(15, 5, 1, '2024-11-29 19:44:08', '2024-11-29 19:44:08'),
(16, 5, 2, '2024-11-29 19:44:08', '2024-11-29 19:44:08'),
(17, 5, 3, '2024-11-29 19:44:08', '2024-11-29 19:44:08'),
(18, 6, 4, '2024-11-29 19:45:10', '2024-11-29 19:45:10'),
(19, 6, 5, '2024-11-29 19:45:10', '2024-11-29 19:45:10'),
(20, 6, 6, '2024-11-29 19:45:10', '2024-11-29 19:45:10'),
(21, 7, 1, '2024-11-29 19:46:27', '2024-11-29 19:46:27'),
(22, 7, 2, '2024-11-29 19:46:27', '2024-11-29 19:46:27'),
(23, 7, 3, '2024-11-29 19:46:27', '2024-11-29 19:46:27'),
(24, 8, 4, '2024-11-29 19:47:10', '2024-11-29 19:47:10'),
(25, 8, 5, '2024-11-29 19:47:10', '2024-11-29 19:47:10'),
(26, 8, 6, '2024-11-29 19:47:10', '2024-11-29 19:47:10');

-- --------------------------------------------------------

--
-- Структура таблицы `catigore_groups`
--

CREATE TABLE `catigore_groups` (
  `id` bigint(20) UNSIGNED NOT NULL,
  `catigory_id` int(11) NOT NULL,
  `group_id` int(11) NOT NULL,
  `created_at` timestamp NULL DEFAULT NULL,
  `updated_at` timestamp NULL DEFAULT NULL
) ENGINE=InnoDB DEFAULT CHARSET=utf8mb4 COLLATE=utf8mb4_unicode_ci;

--
-- Дамп данных таблицы `catigore_groups`
--

INSERT INTO `catigore_groups` (`id`, `catigory_id`, `group_id`, `created_at`, `updated_at`) VALUES
(1, 1, 1, '2024-11-29 18:56:36', '2024-11-29 18:56:36'),
(2, 1, 2, '2024-11-29 18:56:36', '2024-11-29 18:56:36'),
(3, 1, 3, '2024-11-29 18:56:36', '2024-11-29 18:56:36'),
(4, 2, 4, '2024-11-29 18:56:50', '2024-11-29 18:56:50'),
(5, 2, 5, '2024-11-29 18:56:50', '2024-11-29 18:56:50'),
(6, 2, 6, '2024-11-29 18:56:50', '2024-11-29 18:56:50');

-- --------------------------------------------------------

--
-- Структура таблицы `catigories`
--

CREATE TABLE `catigories` (
  `id` bigint(20) UNSIGNED NOT NULL,
  `catigore_name` varchar(255) NOT NULL,
  `created_at` timestamp NULL DEFAULT NULL,
  `updated_at` timestamp NULL DEFAULT NULL
) ENGINE=InnoDB DEFAULT CHARSET=utf8mb4 COLLATE=utf8mb4_unicode_ci;

--
-- Дамп данных таблицы `catigories`
--

INSERT INTO `catigories` (`id`, `catigore_name`, `created_at`, `updated_at`) VALUES
(1, 'Guruhlar', '2024-11-29 18:56:36', '2024-11-29 18:56:36'),
(2, 'Kanallar', '2024-11-29 18:56:50', '2024-11-29 18:56:50');

-- --------------------------------------------------------

--
-- Структура таблицы `failed_jobs`
--

CREATE TABLE `failed_jobs` (
  `id` bigint(20) UNSIGNED NOT NULL,
  `uuid` varchar(255) NOT NULL,
  `connection` text NOT NULL,
  `queue` text NOT NULL,
  `payload` longtext NOT NULL,
  `exception` longtext NOT NULL,
  `failed_at` timestamp NOT NULL DEFAULT current_timestamp()
) ENGINE=InnoDB DEFAULT CHARSET=utf8mb4 COLLATE=utf8mb4_unicode_ci;

-- --------------------------------------------------------

--
-- Структура таблицы `groups`
--

CREATE TABLE `groups` (
  `id` bigint(20) UNSIGNED NOT NULL,
  `tg_id` varchar(255) NOT NULL,
  `url_group` varchar(255) NOT NULL,
  `group_type` varchar(255) NOT NULL,
  `name_group` varchar(255) NOT NULL,
  `members_count` varchar(255) NOT NULL,
  `created_at` timestamp NULL DEFAULT NULL,
  `updated_at` timestamp NULL DEFAULT NULL
) ENGINE=InnoDB DEFAULT CHARSET=utf8mb4 COLLATE=utf8mb4_unicode_ci;

--
-- Дамп данных таблицы `groups`
--

INSERT INTO `groups` (`id`, `tg_id`, `url_group`, `group_type`, `name_group`, `members_count`, `created_at`, `updated_at`) VALUES
(1, '457845', 'https', 'Group', '1-Guruh nomi', '48000', '2024-11-29 18:54:13', '2024-11-29 18:54:13'),
(2, '56465', 'https', 'Group', '2-Guruh nomi', '25000', '2024-11-29 18:54:13', '2024-11-29 18:54:13'),
(3, '85266', 'https', 'Group', '3-Guruh nomi', '3600', '2024-11-29 18:54:13', '2024-11-29 18:54:13'),
(4, '8547', 'https', 'Chanel', '1-Kanal nomi', '25000', '2024-11-29 18:54:13', '2024-11-29 18:54:13'),
(5, '122', 'https', 'Chanel', '2-Kanal nomi', '25000', '2024-11-29 18:54:13', '2024-11-29 18:54:13'),
(6, '123', 'https', 'Chanel', '3-Kanal nomi', '3600', '2024-11-29 18:54:13', '2024-11-29 18:54:13');

-- --------------------------------------------------------

--
-- Структура таблицы `jobs`
--

CREATE TABLE `jobs` (
  `id` bigint(20) UNSIGNED NOT NULL,
  `queue` varchar(255) NOT NULL,
  `payload` longtext NOT NULL,
  `attempts` tinyint(3) UNSIGNED NOT NULL,
  `reserved_at` int(10) UNSIGNED DEFAULT NULL,
  `available_at` int(10) UNSIGNED NOT NULL,
  `created_at` int(10) UNSIGNED NOT NULL
) ENGINE=InnoDB DEFAULT CHARSET=utf8mb4 COLLATE=utf8mb4_unicode_ci;

-- --------------------------------------------------------

--
-- Структура таблицы `job_batches`
--

CREATE TABLE `job_batches` (
  `id` varchar(255) NOT NULL,
  `name` varchar(255) NOT NULL,
  `total_jobs` int(11) NOT NULL,
  `pending_jobs` int(11) NOT NULL,
  `failed_jobs` int(11) NOT NULL,
  `failed_job_ids` longtext NOT NULL,
  `options` mediumtext DEFAULT NULL,
  `cancelled_at` int(11) DEFAULT NULL,
  `created_at` int(11) NOT NULL,
  `finished_at` int(11) DEFAULT NULL
) ENGINE=InnoDB DEFAULT CHARSET=utf8mb4 COLLATE=utf8mb4_unicode_ci;

-- --------------------------------------------------------

--
-- Структура таблицы `migrations`
--

CREATE TABLE `migrations` (
  `id` int(10) UNSIGNED NOT NULL,
  `migration` varchar(255) NOT NULL,
  `batch` int(11) NOT NULL
) ENGINE=InnoDB DEFAULT CHARSET=utf8mb4 COLLATE=utf8mb4_unicode_ci;

--
-- Дамп данных таблицы `migrations`
--

INSERT INTO `migrations` (`id`, `migration`, `batch`) VALUES
(1, '0001_01_01_000000_create_users_table', 1),
(2, '0001_01_01_000001_create_cache_table', 1),
(3, '0001_01_01_000002_create_jobs_table', 1),
(4, '2024_11_28_181858_create_groups_table', 1),
(5, '2024_11_28_234319_create_catigories_table', 1),
(6, '2024_11_29_002542_create_catigore_groups_table', 1),
(7, '2024_11_29_002854_create_posts_table', 1),
(8, '2024_11_29_083405_create_cards_table', 1),
(9, '2024_11_29_120446_create_card_items_table', 1),
(10, '2024_11_29_231112_create_post_jobs_table', 1);

-- --------------------------------------------------------

--
-- Структура таблицы `password_reset_tokens`
--

CREATE TABLE `password_reset_tokens` (
  `email` varchar(255) NOT NULL,
  `token` varchar(255) NOT NULL,
  `created_at` timestamp NULL DEFAULT NULL
) ENGINE=InnoDB DEFAULT CHARSET=utf8mb4 COLLATE=utf8mb4_unicode_ci;

-- --------------------------------------------------------

--
-- Структура таблицы `posts`
--

CREATE TABLE `posts` (
  `id` bigint(20) UNSIGNED NOT NULL,
  `chat_id` varchar(255) NOT NULL,
  `message_id` varchar(255) NOT NULL,
  `description` varchar(255) NOT NULL,
  `created_at` timestamp NULL DEFAULT NULL,
  `updated_at` timestamp NULL DEFAULT NULL
) ENGINE=InnoDB DEFAULT CHARSET=utf8mb4 COLLATE=utf8mb4_unicode_ci;

--
-- Дамп данных таблицы `posts`
--

INSERT INTO `posts` (`id`, `chat_id`, `message_id`, `description`, `created_at`, `updated_at`) VALUES
(1, '1', '12', 'Birinchi targ\'ibot', '2024-11-29 18:53:14', '2024-11-29 18:53:14'),
(2, '2', '25', 'Ikkinchi targibot', '2024-11-29 18:53:30', '2024-11-29 18:53:30'),
(3, '3', '45', 'Uchinchi targ\'ibot', '2024-11-29 18:53:44', '2024-11-29 18:53:44');

-- --------------------------------------------------------

--
-- Структура таблицы `post_jobs`
--

CREATE TABLE `post_jobs` (
  `id` bigint(20) UNSIGNED NOT NULL,
  `post_id` int(11) NOT NULL,
  `chat_id` int(11) NOT NULL,
  `chat_type` varchar(255) NOT NULL,
  `day` varchar(255) NOT NULL,
  `time` varchar(255) NOT NULL,
  `status` varchar(255) NOT NULL,
  `created_at` timestamp NULL DEFAULT NULL,
  `updated_at` timestamp NULL DEFAULT NULL
) ENGINE=InnoDB DEFAULT CHARSET=utf8mb4 COLLATE=utf8mb4_unicode_ci;

--
-- Дамп данных таблицы `post_jobs`
--

INSERT INTO `post_jobs` (`id`, `post_id`, `chat_id`, `chat_type`, `day`, `time`, `status`, `created_at`, `updated_at`) VALUES
(1, 1, 1, 'Group', '2024-11-30', '08:00', 'waiting', '2024-11-29 18:59:13', '2024-11-29 18:59:13'),
(2, 1, 2, 'Group', '2024-11-30', '08:00', 'waiting', '2024-11-29 18:59:13', '2024-11-29 18:59:13'),
(3, 1, 3, 'Group', '2024-11-30', '08:00', 'waiting', '2024-11-29 18:59:13', '2024-11-29 18:59:13'),
(52, 2, 2, 'Chanel', '2024-12-10', '15:00', 'waiting', '2024-11-29 19:18:25', '2024-11-29 19:18:25'),
(53, 2, 2, 'Chanel', '2024-12-10', '15:00', 'waiting', '2024-11-29 19:18:25', '2024-11-29 19:18:25'),
(54, 2, 2, 'Chanel', '2024-12-10', '15:00', 'waiting', '2024-11-29 19:18:25', '2024-11-29 19:18:25'),
(55, 2, 2, 'Chanel', '2024-12-11', '15:00', 'waiting', '2024-11-29 19:18:25', '2024-11-29 19:18:25'),
(56, 2, 2, 'Chanel', '2024-12-11', '15:00', 'waiting', '2024-11-29 19:18:25', '2024-11-29 19:18:25'),
(57, 2, 2, 'Chanel', '2024-12-11', '15:00', 'waiting', '2024-11-29 19:18:25', '2024-11-29 19:18:25'),
(58, 2, 2, 'Chanel', '2024-12-12', '15:00', 'waiting', '2024-11-29 19:18:25', '2024-11-29 19:18:25'),
(59, 2, 2, 'Chanel', '2024-12-12', '15:00', 'waiting', '2024-11-29 19:18:25', '2024-11-29 19:18:25'),
(60, 2, 2, 'Chanel', '2024-12-12', '15:00', 'waiting', '2024-11-29 19:18:25', '2024-11-29 19:18:25'),
(61, 2, 2, 'Chanel', '2024-12-13', '15:00', 'waiting', '2024-11-29 19:18:25', '2024-11-29 19:18:25'),
(62, 2, 2, 'Chanel', '2024-12-13', '15:00', 'waiting', '2024-11-29 19:18:25', '2024-11-29 19:18:25'),
(63, 2, 2, 'Chanel', '2024-12-13', '15:00', 'waiting', '2024-11-29 19:18:25', '2024-11-29 19:18:25'),
(64, 2, 2, 'Chanel', '2024-12-14', '15:00', 'waiting', '2024-11-29 19:18:25', '2024-11-29 19:18:25'),
(65, 2, 2, 'Chanel', '2024-12-14', '15:00', 'waiting', '2024-11-29 19:18:25', '2024-11-29 19:18:25'),
(66, 2, 2, 'Chanel', '2024-12-14', '15:00', 'waiting', '2024-11-29 19:18:25', '2024-11-29 19:18:25'),
(67, 2, 2, 'Chanel', '2024-12-15', '15:00', 'waiting', '2024-11-29 19:18:25', '2024-11-29 19:18:25'),
(68, 2, 2, 'Chanel', '2024-12-15', '15:00', 'waiting', '2024-11-29 19:18:25', '2024-11-29 19:18:25'),
(69, 2, 2, 'Chanel', '2024-12-15', '15:00', 'waiting', '2024-11-29 19:18:25', '2024-11-29 19:18:25'),
(70, 2, 2, 'Chanel', '2024-12-16', '15:00', 'waiting', '2024-11-29 19:18:25', '2024-11-29 19:18:25'),
(71, 2, 2, 'Chanel', '2024-12-16', '15:00', 'waiting', '2024-11-29 19:18:25', '2024-11-29 19:18:25'),
(72, 2, 2, 'Chanel', '2024-12-16', '15:00', 'waiting', '2024-11-29 19:18:25', '2024-11-29 19:18:25'),
(73, 2, 2, 'Chanel', '2024-12-17', '15:00', 'waiting', '2024-11-29 19:18:25', '2024-11-29 19:18:25'),
(74, 2, 2, 'Chanel', '2024-12-17', '15:00', 'waiting', '2024-11-29 19:18:25', '2024-11-29 19:18:25'),
(75, 2, 2, 'Chanel', '2024-12-17', '15:00', 'waiting', '2024-11-29 19:18:25', '2024-11-29 19:18:25'),
(76, 2, 2, 'Chanel', '2024-12-18', '15:00', 'waiting', '2024-11-29 19:18:25', '2024-11-29 19:18:25'),
(77, 2, 2, 'Chanel', '2024-12-18', '15:00', 'waiting', '2024-11-29 19:18:25', '2024-11-29 19:18:25'),
(78, 2, 2, 'Chanel', '2024-12-18', '15:00', 'waiting', '2024-11-29 19:18:25', '2024-11-29 19:18:25'),
(79, 2, 2, 'Chanel', '2024-12-19', '15:00', 'waiting', '2024-11-29 19:18:25', '2024-11-29 19:18:25'),
(80, 2, 2, 'Chanel', '2024-12-19', '15:00', 'waiting', '2024-11-29 19:18:25', '2024-11-29 19:18:25'),
(81, 2, 2, 'Chanel', '2024-12-19', '15:00', 'waiting', '2024-11-29 19:18:25', '2024-11-29 19:18:25'),
(82, 2, 2, 'Chanel', '2024-12-20', '15:00', 'waiting', '2024-11-29 19:18:25', '2024-11-29 19:18:25'),
(83, 2, 2, 'Chanel', '2024-12-20', '15:00', 'waiting', '2024-11-29 19:18:25', '2024-11-29 19:18:25'),
(84, 2, 2, 'Chanel', '2024-12-20', '15:00', 'waiting', '2024-11-29 19:18:25', '2024-11-29 19:18:25'),
(85, 2, 2, 'Chanel', '2024-12-21', '15:00', 'waiting', '2024-11-29 19:18:25', '2024-11-29 19:18:25'),
(86, 2, 2, 'Chanel', '2024-12-21', '15:00', 'waiting', '2024-11-29 19:18:25', '2024-11-29 19:18:25'),
(87, 2, 2, 'Chanel', '2024-12-21', '15:00', 'waiting', '2024-11-29 19:18:25', '2024-11-29 19:18:25'),
(88, 2, 2, 'Chanel', '2024-12-22', '15:00', 'waiting', '2024-11-29 19:18:25', '2024-11-29 19:18:25'),
(89, 2, 2, 'Chanel', '2024-12-22', '15:00', 'waiting', '2024-11-29 19:18:25', '2024-11-29 19:18:25'),
(90, 2, 2, 'Chanel', '2024-12-22', '15:00', 'waiting', '2024-11-29 19:18:25', '2024-11-29 19:18:25'),
(91, 2, 2, 'Chanel', '2024-12-23', '15:00', 'waiting', '2024-11-29 19:18:25', '2024-11-29 19:18:25'),
(92, 2, 2, 'Chanel', '2024-12-23', '15:00', 'waiting', '2024-11-29 19:18:25', '2024-11-29 19:18:25'),
(93, 2, 2, 'Chanel', '2024-12-23', '15:00', 'waiting', '2024-11-29 19:18:25', '2024-11-29 19:18:25'),
(94, 2, 2, 'Chanel', '2024-12-24', '15:00', 'waiting', '2024-11-29 19:18:25', '2024-11-29 19:18:25'),
(95, 2, 2, 'Chanel', '2024-12-24', '15:00', 'waiting', '2024-11-29 19:18:25', '2024-11-29 19:18:25'),
(96, 2, 2, 'Chanel', '2024-12-24', '15:00', 'waiting', '2024-11-29 19:18:25', '2024-11-29 19:18:25'),
(97, 2, 2, 'Chanel', '2024-12-25', '15:00', 'waiting', '2024-11-29 19:18:25', '2024-11-29 19:18:25'),
(98, 2, 2, 'Chanel', '2024-12-25', '15:00', 'waiting', '2024-11-29 19:18:25', '2024-11-29 19:18:25'),
(99, 2, 2, 'Chanel', '2024-12-25', '15:00', 'waiting', '2024-11-29 19:18:25', '2024-11-29 19:18:25'),
(100, 3, 3, 'Group', '2024-12-02', '19:00', 'waiting', '2024-11-29 19:37:41', '2024-11-29 19:37:41'),
(101, 3, 3, 'Group', '2024-12-02', '19:00', 'waiting', '2024-11-29 19:37:41', '2024-11-29 19:37:41'),
(102, 3, 3, 'Group', '2024-12-09', '19:00', 'waiting', '2024-11-29 19:37:41', '2024-11-29 19:37:41'),
(103, 3, 3, 'Group', '2024-12-09', '19:00', 'waiting', '2024-11-29 19:37:41', '2024-11-29 19:37:41'),
(104, 3, 3, 'Group', '2024-12-16', '19:00', 'waiting', '2024-11-29 19:37:41', '2024-11-29 19:37:41'),
(105, 3, 3, 'Group', '2024-12-16', '19:00', 'waiting', '2024-11-29 19:37:41', '2024-11-29 19:37:41'),
(106, 3, 3, 'Group', '2024-12-23', '19:00', 'waiting', '2024-11-29 19:37:41', '2024-11-29 19:37:41'),
(107, 3, 3, 'Group', '2024-12-23', '19:00', 'waiting', '2024-11-29 19:37:41', '2024-11-29 19:37:41'),
(108, 3, 3, 'Group', '2024-12-30', '19:00', 'waiting', '2024-11-29 19:37:41', '2024-11-29 19:37:41'),
(109, 3, 3, 'Group', '2024-12-30', '19:00', 'waiting', '2024-11-29 19:37:41', '2024-11-29 19:37:41'),
(110, 3, 3, 'Group', '2024-12-05', '19:00', 'waiting', '2024-11-29 19:37:41', '2024-11-29 19:37:41'),
(111, 3, 3, 'Group', '2024-12-05', '19:00', 'waiting', '2024-11-29 19:37:41', '2024-11-29 19:37:41'),
(112, 3, 3, 'Group', '2024-12-12', '19:00', 'waiting', '2024-11-29 19:37:41', '2024-11-29 19:37:41'),
(113, 3, 3, 'Group', '2024-12-12', '19:00', 'waiting', '2024-11-29 19:37:41', '2024-11-29 19:37:41'),
(114, 3, 3, 'Group', '2024-12-19', '19:00', 'waiting', '2024-11-29 19:37:41', '2024-11-29 19:37:41'),
(115, 3, 3, 'Group', '2024-12-19', '19:00', 'waiting', '2024-11-29 19:37:41', '2024-11-29 19:37:41'),
(116, 3, 3, 'Group', '2024-12-26', '19:00', 'waiting', '2024-11-29 19:37:41', '2024-11-29 19:37:41'),
(117, 3, 3, 'Group', '2024-12-26', '19:00', 'waiting', '2024-11-29 19:37:41', '2024-11-29 19:37:41'),
(118, 2, 4, 'Chanel', '2024-12-31', '00:00', 'waiting', '2024-11-29 19:43:18', '2024-11-29 19:43:18'),
(119, 2, 5, 'Chanel', '2024-12-31', '00:00', 'waiting', '2024-11-29 19:43:18', '2024-11-29 19:43:18'),
(120, 2, 6, 'Chanel', '2024-12-31', '00:00', 'waiting', '2024-11-29 19:43:18', '2024-11-29 19:43:18'),
(121, 1, 7, 'Group', '2025-02-01', '15:00', 'waiting', '2024-11-29 19:46:32', '2024-11-29 19:46:32'),
(122, 1, 7, 'Group', '2025-02-01', '15:00', 'waiting', '2024-11-29 19:46:32', '2024-11-29 19:46:32'),
(123, 1, 7, 'Group', '2025-02-01', '15:00', 'waiting', '2024-11-29 19:46:32', '2024-11-29 19:46:32'),
(124, 1, 7, 'Group', '2025-02-02', '15:00', 'waiting', '2024-11-29 19:46:32', '2024-11-29 19:46:32'),
(125, 1, 7, 'Group', '2025-02-02', '15:00', 'waiting', '2024-11-29 19:46:32', '2024-11-29 19:46:32'),
(126, 1, 7, 'Group', '2025-02-02', '15:00', 'waiting', '2024-11-29 19:46:32', '2024-11-29 19:46:32'),
(127, 1, 7, 'Group', '2025-02-03', '15:00', 'waiting', '2024-11-29 19:46:32', '2024-11-29 19:46:32'),
(128, 1, 7, 'Group', '2025-02-03', '15:00', 'waiting', '2024-11-29 19:46:32', '2024-11-29 19:46:32'),
(129, 1, 7, 'Group', '2025-02-03', '15:00', 'waiting', '2024-11-29 19:46:32', '2024-11-29 19:46:32'),
(130, 1, 7, 'Group', '2025-02-04', '15:00', 'waiting', '2024-11-29 19:46:32', '2024-11-29 19:46:32'),
(131, 1, 7, 'Group', '2025-02-04', '15:00', 'waiting', '2024-11-29 19:46:32', '2024-11-29 19:46:32'),
(132, 1, 7, 'Group', '2025-02-04', '15:00', 'waiting', '2024-11-29 19:46:32', '2024-11-29 19:46:32'),
(133, 1, 7, 'Group', '2025-02-05', '15:00', 'waiting', '2024-11-29 19:46:32', '2024-11-29 19:46:32'),
(134, 1, 7, 'Group', '2025-02-05', '15:00', 'waiting', '2024-11-29 19:46:32', '2024-11-29 19:46:32'),
(135, 1, 7, 'Group', '2025-02-05', '15:00', 'waiting', '2024-11-29 19:46:32', '2024-11-29 19:46:32'),
(136, 1, 7, 'Group', '2025-02-06', '15:00', 'waiting', '2024-11-29 19:46:32', '2024-11-29 19:46:32'),
(137, 1, 7, 'Group', '2025-02-06', '15:00', 'waiting', '2024-11-29 19:46:32', '2024-11-29 19:46:32'),
(138, 1, 7, 'Group', '2025-02-06', '15:00', 'waiting', '2024-11-29 19:46:32', '2024-11-29 19:46:32'),
(139, 1, 7, 'Group', '2025-02-07', '15:00', 'waiting', '2024-11-29 19:46:32', '2024-11-29 19:46:32'),
(140, 1, 7, 'Group', '2025-02-07', '15:00', 'waiting', '2024-11-29 19:46:32', '2024-11-29 19:46:32'),
(141, 1, 7, 'Group', '2025-02-07', '15:00', 'waiting', '2024-11-29 19:46:32', '2024-11-29 19:46:32'),
(142, 1, 7, 'Group', '2025-02-08', '15:00', 'waiting', '2024-11-29 19:46:32', '2024-11-29 19:46:32'),
(143, 1, 7, 'Group', '2025-02-08', '15:00', 'waiting', '2024-11-29 19:46:32', '2024-11-29 19:46:32'),
(144, 1, 7, 'Group', '2025-02-08', '15:00', 'waiting', '2024-11-29 19:46:32', '2024-11-29 19:46:32'),
(145, 1, 7, 'Group', '2025-02-09', '15:00', 'waiting', '2024-11-29 19:46:32', '2024-11-29 19:46:32'),
(146, 1, 7, 'Group', '2025-02-09', '15:00', 'waiting', '2024-11-29 19:46:32', '2024-11-29 19:46:32'),
(147, 1, 7, 'Group', '2025-02-09', '15:00', 'waiting', '2024-11-29 19:46:32', '2024-11-29 19:46:32'),
(148, 1, 7, 'Group', '2025-02-10', '15:00', 'waiting', '2024-11-29 19:46:32', '2024-11-29 19:46:32'),
(149, 1, 7, 'Group', '2025-02-10', '15:00', 'waiting', '2024-11-29 19:46:32', '2024-11-29 19:46:32'),
(150, 1, 7, 'Group', '2025-02-10', '15:00', 'waiting', '2024-11-29 19:46:32', '2024-11-29 19:46:32'),
(151, 1, 7, 'Group', '2025-02-11', '15:00', 'waiting', '2024-11-29 19:46:32', '2024-11-29 19:46:32'),
(152, 1, 7, 'Group', '2025-02-11', '15:00', 'waiting', '2024-11-29 19:46:32', '2024-11-29 19:46:32'),
(153, 1, 7, 'Group', '2025-02-11', '15:00', 'waiting', '2024-11-29 19:46:32', '2024-11-29 19:46:32'),
(154, 1, 7, 'Group', '2025-02-12', '15:00', 'waiting', '2024-11-29 19:46:32', '2024-11-29 19:46:32'),
(155, 1, 7, 'Group', '2025-02-12', '15:00', 'waiting', '2024-11-29 19:46:32', '2024-11-29 19:46:32'),
(156, 1, 7, 'Group', '2025-02-12', '15:00', 'waiting', '2024-11-29 19:46:32', '2024-11-29 19:46:32'),
(157, 1, 7, 'Group', '2025-02-13', '15:00', 'waiting', '2024-11-29 19:46:32', '2024-11-29 19:46:32'),
(158, 1, 7, 'Group', '2025-02-13', '15:00', 'waiting', '2024-11-29 19:46:32', '2024-11-29 19:46:32'),
(159, 1, 7, 'Group', '2025-02-13', '15:00', 'waiting', '2024-11-29 19:46:32', '2024-11-29 19:46:32'),
(160, 1, 7, 'Group', '2025-02-14', '15:00', 'waiting', '2024-11-29 19:46:32', '2024-11-29 19:46:32'),
(161, 1, 7, 'Group', '2025-02-14', '15:00', 'waiting', '2024-11-29 19:46:32', '2024-11-29 19:46:32'),
(162, 1, 7, 'Group', '2025-02-14', '15:00', 'waiting', '2024-11-29 19:46:32', '2024-11-29 19:46:32'),
(163, 1, 7, 'Group', '2025-02-15', '15:00', 'waiting', '2024-11-29 19:46:32', '2024-11-29 19:46:32'),
(164, 1, 7, 'Group', '2025-02-15', '15:00', 'waiting', '2024-11-29 19:46:32', '2024-11-29 19:46:32'),
(165, 1, 7, 'Group', '2025-02-15', '15:00', 'waiting', '2024-11-29 19:46:32', '2024-11-29 19:46:32'),
(166, 1, 7, 'Group', '2025-02-16', '15:00', 'waiting', '2024-11-29 19:46:32', '2024-11-29 19:46:32'),
(167, 1, 7, 'Group', '2025-02-16', '15:00', 'waiting', '2024-11-29 19:46:32', '2024-11-29 19:46:32'),
(168, 1, 7, 'Group', '2025-02-16', '15:00', 'waiting', '2024-11-29 19:46:32', '2024-11-29 19:46:32'),
(169, 1, 7, 'Group', '2025-02-17', '15:00', 'waiting', '2024-11-29 19:46:32', '2024-11-29 19:46:32'),
(170, 1, 7, 'Group', '2025-02-17', '15:00', 'waiting', '2024-11-29 19:46:32', '2024-11-29 19:46:32'),
(171, 1, 7, 'Group', '2025-02-17', '15:00', 'waiting', '2024-11-29 19:46:32', '2024-11-29 19:46:32'),
(172, 1, 7, 'Group', '2025-02-18', '15:00', 'waiting', '2024-11-29 19:46:32', '2024-11-29 19:46:32'),
(173, 1, 7, 'Group', '2025-02-18', '15:00', 'waiting', '2024-11-29 19:46:32', '2024-11-29 19:46:32'),
(174, 1, 7, 'Group', '2025-02-18', '15:00', 'waiting', '2024-11-29 19:46:32', '2024-11-29 19:46:32'),
(175, 1, 7, 'Group', '2025-02-19', '15:00', 'waiting', '2024-11-29 19:46:32', '2024-11-29 19:46:32'),
(176, 1, 7, 'Group', '2025-02-19', '15:00', 'waiting', '2024-11-29 19:46:32', '2024-11-29 19:46:32'),
(177, 1, 7, 'Group', '2025-02-19', '15:00', 'waiting', '2024-11-29 19:46:32', '2024-11-29 19:46:32'),
(178, 1, 7, 'Group', '2025-02-20', '15:00', 'waiting', '2024-11-29 19:46:32', '2024-11-29 19:46:32'),
(179, 1, 7, 'Group', '2025-02-20', '15:00', 'waiting', '2024-11-29 19:46:32', '2024-11-29 19:46:32'),
(180, 1, 7, 'Group', '2025-02-20', '15:00', 'waiting', '2024-11-29 19:46:32', '2024-11-29 19:46:32'),
(181, 1, 7, 'Group', '2025-02-21', '15:00', 'waiting', '2024-11-29 19:46:32', '2024-11-29 19:46:32'),
(182, 1, 7, 'Group', '2025-02-21', '15:00', 'waiting', '2024-11-29 19:46:32', '2024-11-29 19:46:32'),
(183, 1, 7, 'Group', '2025-02-21', '15:00', 'waiting', '2024-11-29 19:46:32', '2024-11-29 19:46:32'),
(184, 1, 7, 'Group', '2025-02-22', '15:00', 'waiting', '2024-11-29 19:46:32', '2024-11-29 19:46:32'),
(185, 1, 7, 'Group', '2025-02-22', '15:00', 'waiting', '2024-11-29 19:46:32', '2024-11-29 19:46:32'),
(186, 1, 7, 'Group', '2025-02-22', '15:00', 'waiting', '2024-11-29 19:46:32', '2024-11-29 19:46:32'),
(187, 1, 7, 'Group', '2025-02-23', '15:00', 'waiting', '2024-11-29 19:46:32', '2024-11-29 19:46:32'),
(188, 1, 7, 'Group', '2025-02-23', '15:00', 'waiting', '2024-11-29 19:46:32', '2024-11-29 19:46:32'),
(189, 1, 7, 'Group', '2025-02-23', '15:00', 'waiting', '2024-11-29 19:46:32', '2024-11-29 19:46:32'),
(190, 1, 7, 'Group', '2025-02-24', '15:00', 'waiting', '2024-11-29 19:46:32', '2024-11-29 19:46:32'),
(191, 1, 7, 'Group', '2025-02-24', '15:00', 'waiting', '2024-11-29 19:46:32', '2024-11-29 19:46:32'),
(192, 1, 7, 'Group', '2025-02-24', '15:00', 'waiting', '2024-11-29 19:46:32', '2024-11-29 19:46:32'),
(193, 1, 7, 'Group', '2025-02-25', '15:00', 'waiting', '2024-11-29 19:46:32', '2024-11-29 19:46:32'),
(194, 1, 7, 'Group', '2025-02-25', '15:00', 'waiting', '2024-11-29 19:46:32', '2024-11-29 19:46:32'),
(195, 1, 7, 'Group', '2025-02-25', '15:00', 'waiting', '2024-11-29 19:46:32', '2024-11-29 19:46:32'),
(196, 1, 7, 'Group', '2025-02-26', '15:00', 'waiting', '2024-11-29 19:46:32', '2024-11-29 19:46:32'),
(197, 1, 7, 'Group', '2025-02-26', '15:00', 'waiting', '2024-11-29 19:46:32', '2024-11-29 19:46:32'),
(198, 1, 7, 'Group', '2025-02-26', '15:00', 'waiting', '2024-11-29 19:46:32', '2024-11-29 19:46:32'),
(199, 1, 7, 'Group', '2025-02-27', '15:00', 'waiting', '2024-11-29 19:46:32', '2024-11-29 19:46:32'),
(200, 1, 7, 'Group', '2025-02-27', '15:00', 'waiting', '2024-11-29 19:46:32', '2024-11-29 19:46:32'),
(201, 1, 7, 'Group', '2025-02-27', '15:00', 'waiting', '2024-11-29 19:46:32', '2024-11-29 19:46:32'),
(202, 1, 7, 'Group', '2025-02-28', '15:00', 'waiting', '2024-11-29 19:46:32', '2024-11-29 19:46:32'),
(203, 1, 7, 'Group', '2025-02-28', '15:00', 'waiting', '2024-11-29 19:46:32', '2024-11-29 19:46:32'),
(204, 1, 7, 'Group', '2025-02-28', '15:00', 'waiting', '2024-11-29 19:46:32', '2024-11-29 19:46:32'),
(205, 1, 7, 'Group', '2025-03-01', '15:00', 'waiting', '2024-11-29 19:46:32', '2024-11-29 19:46:32'),
(206, 1, 7, 'Group', '2025-03-01', '15:00', 'waiting', '2024-11-29 19:46:32', '2024-11-29 19:46:32'),
(207, 1, 7, 'Group', '2025-03-01', '15:00', 'waiting', '2024-11-29 19:46:32', '2024-11-29 19:46:32'),
(208, 1, 7, 'Group', '2025-03-02', '15:00', 'waiting', '2024-11-29 19:46:32', '2024-11-29 19:46:32'),
(209, 1, 7, 'Group', '2025-03-02', '15:00', 'waiting', '2024-11-29 19:46:32', '2024-11-29 19:46:32'),
(210, 1, 7, 'Group', '2025-03-02', '15:00', 'waiting', '2024-11-29 19:46:32', '2024-11-29 19:46:32'),
(211, 1, 7, 'Group', '2025-03-03', '15:00', 'waiting', '2024-11-29 19:46:32', '2024-11-29 19:46:32'),
(212, 1, 7, 'Group', '2025-03-03', '15:00', 'waiting', '2024-11-29 19:46:32', '2024-11-29 19:46:32'),
(213, 1, 7, 'Group', '2025-03-03', '15:00', 'waiting', '2024-11-29 19:46:32', '2024-11-29 19:46:32'),
(214, 1, 7, 'Group', '2025-03-04', '15:00', 'waiting', '2024-11-29 19:46:32', '2024-11-29 19:46:32'),
(215, 1, 7, 'Group', '2025-03-04', '15:00', 'waiting', '2024-11-29 19:46:32', '2024-11-29 19:46:32'),
(216, 1, 7, 'Group', '2025-03-04', '15:00', 'waiting', '2024-11-29 19:46:32', '2024-11-29 19:46:32'),
(217, 1, 7, 'Group', '2025-03-05', '15:00', 'waiting', '2024-11-29 19:46:32', '2024-11-29 19:46:32'),
(218, 1, 7, 'Group', '2025-03-05', '15:00', 'waiting', '2024-11-29 19:46:32', '2024-11-29 19:46:32'),
(219, 1, 7, 'Group', '2025-03-05', '15:00', 'waiting', '2024-11-29 19:46:32', '2024-11-29 19:46:32'),
(220, 1, 7, 'Group', '2025-03-06', '15:00', 'waiting', '2024-11-29 19:46:32', '2024-11-29 19:46:32'),
(221, 1, 7, 'Group', '2025-03-06', '15:00', 'waiting', '2024-11-29 19:46:32', '2024-11-29 19:46:32'),
(222, 1, 7, 'Group', '2025-03-06', '15:00', 'waiting', '2024-11-29 19:46:32', '2024-11-29 19:46:32'),
(223, 1, 7, 'Group', '2025-03-07', '15:00', 'waiting', '2024-11-29 19:46:32', '2024-11-29 19:46:32'),
(224, 1, 7, 'Group', '2025-03-07', '15:00', 'waiting', '2024-11-29 19:46:32', '2024-11-29 19:46:32'),
(225, 1, 7, 'Group', '2025-03-07', '15:00', 'waiting', '2024-11-29 19:46:32', '2024-11-29 19:46:32'),
(226, 1, 7, 'Group', '2025-03-08', '15:00', 'waiting', '2024-11-29 19:46:32', '2024-11-29 19:46:32'),
(227, 1, 7, 'Group', '2025-03-08', '15:00', 'waiting', '2024-11-29 19:46:32', '2024-11-29 19:46:32'),
(228, 1, 7, 'Group', '2025-03-08', '15:00', 'waiting', '2024-11-29 19:46:32', '2024-11-29 19:46:32'),
(229, 1, 7, 'Group', '2025-03-09', '15:00', 'waiting', '2024-11-29 19:46:32', '2024-11-29 19:46:32'),
(230, 1, 7, 'Group', '2025-03-09', '15:00', 'waiting', '2024-11-29 19:46:32', '2024-11-29 19:46:32'),
(231, 1, 7, 'Group', '2025-03-09', '15:00', 'waiting', '2024-11-29 19:46:32', '2024-11-29 19:46:32'),
(232, 1, 7, 'Group', '2025-03-10', '15:00', 'waiting', '2024-11-29 19:46:32', '2024-11-29 19:46:32'),
(233, 1, 7, 'Group', '2025-03-10', '15:00', 'waiting', '2024-11-29 19:46:32', '2024-11-29 19:46:32'),
(234, 1, 7, 'Group', '2025-03-10', '15:00', 'waiting', '2024-11-29 19:46:32', '2024-11-29 19:46:32'),
(235, 1, 7, 'Group', '2025-03-11', '15:00', 'waiting', '2024-11-29 19:46:32', '2024-11-29 19:46:32'),
(236, 1, 7, 'Group', '2025-03-11', '15:00', 'waiting', '2024-11-29 19:46:32', '2024-11-29 19:46:32'),
(237, 1, 7, 'Group', '2025-03-11', '15:00', 'waiting', '2024-11-29 19:46:32', '2024-11-29 19:46:32'),
(238, 1, 7, 'Group', '2025-03-12', '15:00', 'waiting', '2024-11-29 19:46:32', '2024-11-29 19:46:32'),
(239, 1, 7, 'Group', '2025-03-12', '15:00', 'waiting', '2024-11-29 19:46:32', '2024-11-29 19:46:32'),
(240, 1, 7, 'Group', '2025-03-12', '15:00', 'waiting', '2024-11-29 19:46:32', '2024-11-29 19:46:32'),
(241, 1, 7, 'Group', '2025-03-13', '15:00', 'waiting', '2024-11-29 19:46:32', '2024-11-29 19:46:32'),
(242, 1, 7, 'Group', '2025-03-13', '15:00', 'waiting', '2024-11-29 19:46:32', '2024-11-29 19:46:32'),
(243, 1, 7, 'Group', '2025-03-13', '15:00', 'waiting', '2024-11-29 19:46:32', '2024-11-29 19:46:32'),
(244, 1, 7, 'Group', '2025-03-14', '15:00', 'waiting', '2024-11-29 19:46:32', '2024-11-29 19:46:32'),
(245, 1, 7, 'Group', '2025-03-14', '15:00', 'waiting', '2024-11-29 19:46:32', '2024-11-29 19:46:32'),
(246, 1, 7, 'Group', '2025-03-14', '15:00', 'waiting', '2024-11-29 19:46:32', '2024-11-29 19:46:32'),
(247, 1, 7, 'Group', '2025-03-15', '15:00', 'waiting', '2024-11-29 19:46:32', '2024-11-29 19:46:32'),
(248, 1, 7, 'Group', '2025-03-15', '15:00', 'waiting', '2024-11-29 19:46:32', '2024-11-29 19:46:32'),
(249, 1, 7, 'Group', '2025-03-15', '15:00', 'waiting', '2024-11-29 19:46:32', '2024-11-29 19:46:32'),
(250, 2, 8, 'Chanel', '2025-01-06', '14:00', 'waiting', '2024-11-29 19:47:19', '2024-11-29 19:47:19'),
(251, 2, 8, 'Chanel', '2025-01-06', '14:00', 'waiting', '2024-11-29 19:47:19', '2024-11-29 19:47:19'),
(252, 2, 8, 'Chanel', '2025-01-06', '14:00', 'waiting', '2024-11-29 19:47:19', '2024-11-29 19:47:19'),
(253, 2, 8, 'Chanel', '2025-01-13', '14:00', 'waiting', '2024-11-29 19:47:19', '2024-11-29 19:47:19'),
(254, 2, 8, 'Chanel', '2025-01-13', '14:00', 'waiting', '2024-11-29 19:47:19', '2024-11-29 19:47:19'),
(255, 2, 8, 'Chanel', '2025-01-13', '14:00', 'waiting', '2024-11-29 19:47:19', '2024-11-29 19:47:19'),
(256, 2, 8, 'Chanel', '2025-01-07', '14:00', 'waiting', '2024-11-29 19:47:19', '2024-11-29 19:47:19'),
(257, 2, 8, 'Chanel', '2025-01-07', '14:00', 'waiting', '2024-11-29 19:47:19', '2024-11-29 19:47:19'),
(258, 2, 8, 'Chanel', '2025-01-07', '14:00', 'waiting', '2024-11-29 19:47:19', '2024-11-29 19:47:19'),
(259, 2, 8, 'Chanel', '2025-01-14', '14:00', 'waiting', '2024-11-29 19:47:19', '2024-11-29 19:47:19'),
(260, 2, 8, 'Chanel', '2025-01-14', '14:00', 'waiting', '2024-11-29 19:47:19', '2024-11-29 19:47:19'),
(261, 2, 8, 'Chanel', '2025-01-14', '14:00', 'waiting', '2024-11-29 19:47:19', '2024-11-29 19:47:19'),
(262, 2, 8, 'Chanel', '2025-01-01', '14:00', 'waiting', '2024-11-29 19:47:19', '2024-11-29 19:47:19'),
(263, 2, 8, 'Chanel', '2025-01-01', '14:00', 'waiting', '2024-11-29 19:47:19', '2024-11-29 19:47:19'),
(264, 2, 8, 'Chanel', '2025-01-01', '14:00', 'waiting', '2024-11-29 19:47:19', '2024-11-29 19:47:19'),
(265, 2, 8, 'Chanel', '2025-01-08', '14:00', 'waiting', '2024-11-29 19:47:19', '2024-11-29 19:47:19'),
(266, 2, 8, 'Chanel', '2025-01-08', '14:00', 'waiting', '2024-11-29 19:47:19', '2024-11-29 19:47:19'),
(267, 2, 8, 'Chanel', '2025-01-08', '14:00', 'waiting', '2024-11-29 19:47:19', '2024-11-29 19:47:19'),
(268, 2, 8, 'Chanel', '2025-01-15', '14:00', 'waiting', '2024-11-29 19:47:19', '2024-11-29 19:47:19'),
(269, 2, 8, 'Chanel', '2025-01-15', '14:00', 'waiting', '2024-11-29 19:47:19', '2024-11-29 19:47:19'),
(270, 2, 8, 'Chanel', '2025-01-15', '14:00', 'waiting', '2024-11-29 19:47:19', '2024-11-29 19:47:19'),
(271, 2, 8, 'Chanel', '2025-01-02', '14:00', 'waiting', '2024-11-29 19:47:19', '2024-11-29 19:47:19'),
(272, 2, 8, 'Chanel', '2025-01-02', '14:00', 'waiting', '2024-11-29 19:47:19', '2024-11-29 19:47:19'),
(273, 2, 8, 'Chanel', '2025-01-02', '14:00', 'waiting', '2024-11-29 19:47:19', '2024-11-29 19:47:19'),
(274, 2, 8, 'Chanel', '2025-01-09', '14:00', 'waiting', '2024-11-29 19:47:19', '2024-11-29 19:47:19'),
(275, 2, 8, 'Chanel', '2025-01-09', '14:00', 'waiting', '2024-11-29 19:47:19', '2024-11-29 19:47:19'),
(276, 2, 8, 'Chanel', '2025-01-09', '14:00', 'waiting', '2024-11-29 19:47:19', '2024-11-29 19:47:19'),
(277, 2, 8, 'Chanel', '2025-01-03', '14:00', 'waiting', '2024-11-29 19:47:19', '2024-11-29 19:47:19'),
(278, 2, 8, 'Chanel', '2025-01-03', '14:00', 'waiting', '2024-11-29 19:47:19', '2024-11-29 19:47:19'),
(279, 2, 8, 'Chanel', '2025-01-03', '14:00', 'waiting', '2024-11-29 19:47:19', '2024-11-29 19:47:19'),
(280, 2, 8, 'Chanel', '2025-01-10', '14:00', 'waiting', '2024-11-29 19:47:19', '2024-11-29 19:47:19'),
(281, 2, 8, 'Chanel', '2025-01-10', '14:00', 'waiting', '2024-11-29 19:47:19', '2024-11-29 19:47:19'),
(282, 2, 8, 'Chanel', '2025-01-10', '14:00', 'waiting', '2024-11-29 19:47:19', '2024-11-29 19:47:19'),
(283, 2, 8, 'Chanel', '2025-01-04', '14:00', 'waiting', '2024-11-29 19:47:19', '2024-11-29 19:47:19'),
(284, 2, 8, 'Chanel', '2025-01-04', '14:00', 'waiting', '2024-11-29 19:47:19', '2024-11-29 19:47:19'),
(285, 2, 8, 'Chanel', '2025-01-04', '14:00', 'waiting', '2024-11-29 19:47:19', '2024-11-29 19:47:19'),
(286, 2, 8, 'Chanel', '2025-01-11', '14:00', 'waiting', '2024-11-29 19:47:19', '2024-11-29 19:47:19'),
(287, 2, 8, 'Chanel', '2025-01-11', '14:00', 'waiting', '2024-11-29 19:47:19', '2024-11-29 19:47:19'),
(288, 2, 8, 'Chanel', '2025-01-11', '14:00', 'waiting', '2024-11-29 19:47:19', '2024-11-29 19:47:19');

-- --------------------------------------------------------

--
-- Структура таблицы `sessions`
--

CREATE TABLE `sessions` (
  `id` varchar(255) NOT NULL,
  `user_id` bigint(20) UNSIGNED DEFAULT NULL,
  `ip_address` varchar(45) DEFAULT NULL,
  `user_agent` text DEFAULT NULL,
  `payload` longtext NOT NULL,
  `last_activity` int(11) NOT NULL
) ENGINE=InnoDB DEFAULT CHARSET=utf8mb4 COLLATE=utf8mb4_unicode_ci;

--
-- Дамп данных таблицы `sessions`
--

INSERT INTO `sessions` (`id`, `user_id`, `ip_address`, `user_agent`, `payload`, `last_activity`) VALUES
('skRKLMWhFWKFStG9EX62yiLcEgE2LyC410yZtCmG', 1, '127.0.0.1', 'Mozilla/5.0 (Windows NT 10.0; Win64; x64) AppleWebKit/537.36 (KHTML, like Gecko) Chrome/131.0.0.0 Safari/537.36', 'YTo1OntzOjY6Il90b2tlbiI7czo0MDoiSkNyeEl3VXNudnk1ZWdRM3hwWXdlUnhScUFlbmhTRzlQV01ONDdHWiI7czo5OiJfcHJldmlvdXMiO2E6MTp7czozOiJ1cmwiO3M6MjY6Imh0dHA6Ly8xMjcuMC4wLjE6ODAwMC9qb2JzIjt9czo2OiJfZmxhc2giO2E6Mjp7czozOiJvbGQiO2E6MDp7fXM6MzoibmV3IjthOjA6e319czozOiJ1cmwiO2E6MTp7czo4OiJpbnRlbmRlZCI7czoyMToiaHR0cDovLzEyNy4wLjAuMTo4MDAwIjt9czo1MDoibG9naW5fd2ViXzU5YmEzNmFkZGMyYjJmOTQwMTU4MGYwMTRjN2Y1OGVhNGUzMDk4OWQiO2k6MTt9', 1732911149);

-- --------------------------------------------------------

--
-- Структура таблицы `users`
--

CREATE TABLE `users` (
  `id` bigint(20) UNSIGNED NOT NULL,
  `name` varchar(255) NOT NULL,
  `email` varchar(255) NOT NULL,
  `email_verified_at` timestamp NULL DEFAULT NULL,
  `password` varchar(255) NOT NULL,
  `remember_token` varchar(100) DEFAULT NULL,
  `created_at` timestamp NULL DEFAULT NULL,
  `updated_at` timestamp NULL DEFAULT NULL
) ENGINE=InnoDB DEFAULT CHARSET=utf8mb4 COLLATE=utf8mb4_unicode_ci;

--
-- Дамп данных таблицы `users`
--

INSERT INTO `users` (`id`, `name`, `email`, `email_verified_at`, `password`, `remember_token`, `created_at`, `updated_at`) VALUES
(1, 'Elshod Musurmonov', 'elshodatc1116@gmail.com', NULL, '$2y$12$JWr6CidyHeYW5bmnWfgZ2uVg8JCODgSPAkOQCtIzXRHUVUbzP.y66', NULL, '2024-11-29 18:52:54', '2024-11-29 18:52:54');

--
-- Индексы сохранённых таблиц
--

--
-- Индексы таблицы `cache`
--
ALTER TABLE `cache`
  ADD PRIMARY KEY (`key`);

--
-- Индексы таблицы `cache_locks`
--
ALTER TABLE `cache_locks`
  ADD PRIMARY KEY (`key`);

--
-- Индексы таблицы `cards`
--
ALTER TABLE `cards`
  ADD PRIMARY KEY (`id`);

--
-- Индексы таблицы `card_items`
--
ALTER TABLE `card_items`
  ADD PRIMARY KEY (`id`);

--
-- Индексы таблицы `catigore_groups`
--
ALTER TABLE `catigore_groups`
  ADD PRIMARY KEY (`id`);

--
-- Индексы таблицы `catigories`
--
ALTER TABLE `catigories`
  ADD PRIMARY KEY (`id`);

--
-- Индексы таблицы `failed_jobs`
--
ALTER TABLE `failed_jobs`
  ADD PRIMARY KEY (`id`),
  ADD UNIQUE KEY `failed_jobs_uuid_unique` (`uuid`);

--
-- Индексы таблицы `groups`
--
ALTER TABLE `groups`
  ADD PRIMARY KEY (`id`);

--
-- Индексы таблицы `jobs`
--
ALTER TABLE `jobs`
  ADD PRIMARY KEY (`id`),
  ADD KEY `jobs_queue_index` (`queue`);

--
-- Индексы таблицы `job_batches`
--
ALTER TABLE `job_batches`
  ADD PRIMARY KEY (`id`);

--
-- Индексы таблицы `migrations`
--
ALTER TABLE `migrations`
  ADD PRIMARY KEY (`id`);

--
-- Индексы таблицы `password_reset_tokens`
--
ALTER TABLE `password_reset_tokens`
  ADD PRIMARY KEY (`email`);

--
-- Индексы таблицы `posts`
--
ALTER TABLE `posts`
  ADD PRIMARY KEY (`id`);

--
-- Индексы таблицы `post_jobs`
--
ALTER TABLE `post_jobs`
  ADD PRIMARY KEY (`id`);

--
-- Индексы таблицы `sessions`
--
ALTER TABLE `sessions`
  ADD PRIMARY KEY (`id`),
  ADD KEY `sessions_user_id_index` (`user_id`),
  ADD KEY `sessions_last_activity_index` (`last_activity`);

--
-- Индексы таблицы `users`
--
ALTER TABLE `users`
  ADD PRIMARY KEY (`id`),
  ADD UNIQUE KEY `users_email_unique` (`email`);

--
-- AUTO_INCREMENT для сохранённых таблиц
--

--
-- AUTO_INCREMENT для таблицы `cards`
--
ALTER TABLE `cards`
  MODIFY `id` bigint(20) UNSIGNED NOT NULL AUTO_INCREMENT, AUTO_INCREMENT=9;

--
-- AUTO_INCREMENT для таблицы `card_items`
--
ALTER TABLE `card_items`
  MODIFY `id` bigint(20) UNSIGNED NOT NULL AUTO_INCREMENT, AUTO_INCREMENT=27;

--
-- AUTO_INCREMENT для таблицы `catigore_groups`
--
ALTER TABLE `catigore_groups`
  MODIFY `id` bigint(20) UNSIGNED NOT NULL AUTO_INCREMENT, AUTO_INCREMENT=7;

--
-- AUTO_INCREMENT для таблицы `catigories`
--
ALTER TABLE `catigories`
  MODIFY `id` bigint(20) UNSIGNED NOT NULL AUTO_INCREMENT, AUTO_INCREMENT=3;

--
-- AUTO_INCREMENT для таблицы `failed_jobs`
--
ALTER TABLE `failed_jobs`
  MODIFY `id` bigint(20) UNSIGNED NOT NULL AUTO_INCREMENT;

--
-- AUTO_INCREMENT для таблицы `groups`
--
ALTER TABLE `groups`
  MODIFY `id` bigint(20) UNSIGNED NOT NULL AUTO_INCREMENT, AUTO_INCREMENT=7;

--
-- AUTO_INCREMENT для таблицы `jobs`
--
ALTER TABLE `jobs`
  MODIFY `id` bigint(20) UNSIGNED NOT NULL AUTO_INCREMENT;

--
-- AUTO_INCREMENT для таблицы `migrations`
--
ALTER TABLE `migrations`
  MODIFY `id` int(10) UNSIGNED NOT NULL AUTO_INCREMENT, AUTO_INCREMENT=11;

--
-- AUTO_INCREMENT для таблицы `posts`
--
ALTER TABLE `posts`
  MODIFY `id` bigint(20) UNSIGNED NOT NULL AUTO_INCREMENT, AUTO_INCREMENT=4;

--
-- AUTO_INCREMENT для таблицы `post_jobs`
--
ALTER TABLE `post_jobs`
  MODIFY `id` bigint(20) UNSIGNED NOT NULL AUTO_INCREMENT, AUTO_INCREMENT=289;

--
-- AUTO_INCREMENT для таблицы `users`
--
ALTER TABLE `users`
  MODIFY `id` bigint(20) UNSIGNED NOT NULL AUTO_INCREMENT, AUTO_INCREMENT=2;
COMMIT;

/*!40101 SET CHARACTER_SET_CLIENT=@OLD_CHARACTER_SET_CLIENT */;
/*!40101 SET CHARACTER_SET_RESULTS=@OLD_CHARACTER_SET_RESULTS */;
/*!40101 SET COLLATION_CONNECTION=@OLD_COLLATION_CONNECTION */;
